Workbook

Sheet Test Case-lər
A1: ID | B1: Modul | C1: Başlıq | D1: Ön şərt | E1: Addımlar | F1: Test məlumatı | G1: Gözlənilən nəticə | H1: Prioritet | I1: Tip | J1: Avtomatlaşdırma | K1: Status | L1: Qeyd
A2: UI-LNG-001 | B2: Dil | C2: Defolt dil: kök URL (/) açılışı | D2: Brauzer açıqdır | E2: 1. Brauzerdə https://www.bankofbaku.com açın | G2: Həmişə İngilis dilində açılır (məlum davranış). Dil seçimi menyuda EN aktiv göstərilir | H2: Yüksək | I2: Pozitiv | J2: Yox | K2: Keçdi | L2: Real Chrome-da Accept-Language səbəbindən /az-a yönləndirdi; Selenium Chrome-da kök URL EN açılır – davranış brauzer dilindən asılıdır
A3: UI-LNG-002 | B3: Dil | C3: Birbaşa /az linki Azərbaycan dilində açılır | D3: - | E3: 1. https://www.bankofbaku.com/az açın | G3: Məzmun Azərbaycan dilindədir; menyuda AZ aktivdir; html lang="az" | H3: Yüksək | I3: Pozitiv | J3: Bəli | K3: Keçdi | L3: Avtomatik test (UI-LNG-002) və əl ilə təsdiqləndi
A4: UI-LNG-003 | B4: Dil | C4: Birbaşa /en linki | D4: Brauzer açıqdır | E4: 1. https://www.bankofbaku.com/en açın | G4: Məzmun İngilis dilindədir; html lang="en" | H4: Orta | I4: Pozitiv | J4: Bəli | K4: Uğursuz | L4: /en məzmunu İngilis dilindədir, lakin html lang="az" və başlıq Azərbaycan dilində qalır (BUG-008, BUG-009) | Avtomatik: language.spec
A5: UI-LNG-004 | B5: Dil | C5: Birbaşa /ru linki | D5: Brauzer açıqdır | E5: 1. https://www.bankofbaku.com/ru açın | G5: Məzmun Rus dilindədir; html lang="ru" | H5: Orta | I5: Pozitiv | J5: Yox | K5: Uğursuz | L5: /ru məzmunu Rus dilindədir, lakin html lang="az" və başlıq Azərbaycan dilində qalır (BUG-008, BUG-009)
A6: UI-LNG-005 | B6: Dil | C6: Dil menyusundan AZ-ya keçid | D6: Brauzer açıqdır | E6: 1. Kök URL açın (EN) 2. Dil menyusundan AZ seçin | G6: URL /az olur, bütün mətn tərcümə olunur, səhifə yenilənmədən və ya düzgün yüklənir | H6: Yüksək | I6: Pozitiv | J6: Yox | K6: Keçdi | L6: EN səhifədən menyu ilə AZ seçildi: /az/kartlar/debet açıldı, mətn tərcümə olundu
A7: UI-LNG-006 | B7: Dil | C7: Dil seçimi yenilədikdən sonra saxlanılır | D7: Brauzer açıqdır | E7: 1. AZ seçin 2. F5 basın | G7: Dil AZ qalır | H7: Yüksək | I7: Pozitiv | J7: Bəli | K7: Keçdi | L7: /en/cards/debet-də F5 sonrası dil EN qalır (dil URL-də saxlanılır) | Avtomatik: language.spec
A8: UI-LNG-007 | B8: Dil | C8: Dil seçimi yeni sessiyada saxlanılır | D8: Brauzer açıqdır | E8: 1. AZ seçin 2. Brauzeri bağlayıb yenidən kök URL açın | G8: Aydın qayda: ya AZ, ya defolt EN. Qayda sənədləşməlidir | H8: Orta | I8: Sərhəd | J8: Yox | K8: İcra olunmayıb | L8: İcra olunmayıb: brauzeri bağlayıb yeni sessiya açmaq bu mühitdə mümkün olmadı
A9: UI-LNG-008 | B9: Dil | C9: Daxili səhifədə dil dəyişəndə eyni səhifədə qalmaq | D9: Brauzer açıqdır | E9: 1. /az/kartlar/debet açın 2. EN seçin | G9: Cari səhifənin EN versiyasına keçir, ana səhifəyə atmır | H9: Yüksək | I9: Neqativ | J9: Yox | K9: Keçdi | L9: /az/kartlar/debet-də EN seçildi: /en/cards/debet açıldı, ana səhifəyə atmadı
A10: UI-LNG-009 | B10: Dil | C10: Brauzer Accept-Language=az olduqda defolt dil | D10: Brauzer açıqdır | E10: 1. Brauzer dilini AZ edin 2. Kök URL açın | G10: Defolt dil qaydası aydındır; EN açılması məhsul qərarı kimi sənədləşməlidir | H10: Orta | I10: Sərhəd | J10: Yox | K10: Keçdi | L10: AZ brauzerdə kök URL /az-a yönləndirir; qayda: brauzer dilinə görə. Selenium-da EN açılır (sənədləşdirilib)
A11: UI-LNG-010 | B11: Dil | C11: Tərcümə tamlığı: AZ səhifədə İngilis/Rus qalıq mətn yoxdur | D11: Brauzer açıqdır | E11: 1. /az açın 2. Bütün bölmə başlıqlarını və düymələri yoxlayın | G11: Tərcüməsiz mətn yoxdur | H11: Orta | I11: Neqativ | J11: Yox | K11: Keçdi | L11: AZ səhifədə bəzi menyu terminləri ingiliscədir (Cash by code, PIN change, 3D secure, FAQ); bank terminləri ola bilər
A12: UI-LNG-011 | B12: Dil | C12: Olmayan dil kodu /xx | D12: Brauzer açıqdır | E12: 1. https://www.bankofbaku.com/xx açın | G12: 404 və ya defolt dilə yönləndirmə, 500 xətası yox | H12: Orta | I12: Neqativ | J12: Yox | K12: İcra olunmayıb | L12: İcra olunmayıb: daxili brauzer yönləndirmə hədəfi bankofbaku.com-u (apex) yükləmir; real Chrome-da yoxlanmalıdır
A13: UI-LNG-012 | B13: Dil | C13: Böyük hərflə dil kodu /AZ | D13: Brauzer açıqdır | E13: 1. https://www.bankofbaku.com/AZ açın | G13: Eyni səhifə və ya düzgün yönləndirmə | H13: Aşağı | I13: Sərhəd | J13: Yox | K13: İcra olunmayıb | L13: İcra olunmayıb: daxili brauzer yönləndirmə hədəfi bankofbaku.com-u (apex) yükləmir; real Chrome-da yoxlanmalıdır
... A26: UI-NAV-012 | B26: Naviqasiya və menyu | C26: Daxili səhifədə F5 yeniləmə | D26: Brauzer açıqdır | E26: 1. /az/kreditler/nagd-pul-krediti açın 2. F5 | G26: Eyni səhifə yüklənir, 404 yox | H26: Yüksək | I26: Neqativ | J26: Bəli | K26: Keçdi | L26: F5 sonrası səhifə eyni qalır, 404 yoxdur (/az/emanetler üzərində yoxlandı) | Avtomatik: navigation.spec
A27: UI-NAV-013 | B27: Naviqasiya və menyu | C27: Menyu klaviatura ilə (Tab, Enter, Esc) | D27: Brauzer açıqdır | E27: 1. Tab ilə menyuda gəzin 2. Enter və Esc | G27: Fokus görünür, alt menyu açılır/bağlanır | H27: Orta | I27: Pozitiv | J27: Yox | K27: İcra olunmayıb
A28: UI-NAV-014 | B28: Naviqasiya və menyu | C28: Menyu elementlərinin səhv yazılışı və uyğunsuz keçidlər | D28: Brauzer açıqdır | E28: 1. Hər keçidin mətnini və hədəfini müqayisə edin | G28: Mətn hədəflə uyğundur | H28: Aşağı | I28: Neqativ | J28: Yox | K28: Keçdi | L28: Menyu mətnləri və href-lər uyğundur (nümunə: Kartlar→/az/kartlar, Əmanətlər→/az/emanetler)
A29: UI-NAV-015 | B29: Naviqasiya və menyu | C29: Menyuda qırıq (404) keçid axtarışı | D29: Brauzer açıqdır | E29: 1. Bütün daxili linklərə sorğu göndərin | G29: Hamısı 200/3xx; 404 yoxdur | H29: Yüksək | I29: Neqativ | J29: Bəli | K29: Keçdi | L29: Avtomatik test (daxili linklər) təsdiqləndi
A30: UI-HOM-001 | B30: Ana səhifə | C30: Ana səhifə bölmələri yüklənir | D30: - | E30: 1. /az açın 2. Aşağı sürüşdürün | G30: Nağd pul krediti, Kartlar, Əmanətlər, Xəbərlər, Filiallar və ATM, Pul köçürmələri bölmələri görünür | H30: Yüksək | I30: Pozitiv | J30: Bəli | K30: Keçdi | L30: Avtomatik test və əl ilə təsdiqləndi
A31: UI-HOM-002 | B31: Ana səhifə | C31: Karusel/banner idarəsi | D31: Brauzer açıqdır | E31: 1. Banner oxlarına və nöqtələrə klik edin | G31: Slaydlar dəyişir, sonuncudan sonra düzgün davranış | H31: Orta | I31: Pozitiv | J31: Yox | K31: İcra olunmayıb
A32: UI-HOM-003 | B32: Ana səhifə | C32: Müraciət et düymələri | D32: Brauzer açıqdır | E32: 1. "Müraciət et" düyməsinə klik edin (forma doldurmadan) | G32: kredit.bankofbaku.com açılır, səhifə yüklənir. Forma göndərilmir | H32: Yüksək | I32: Pozitiv | J32: Yox | K32: Keçdi | L32: Yalnız href yoxlandı (kredit.bankofbaku.com/az/107); düyməyə basılmadı, forma göndərilmədi
A33: UI-HOM-004 | B33: Ana səhifə | C33: Dostbank tətbiq mağazası linkləri | D33: Brauzer açıqdır | E33: 1. AppGallery, Google Play, App Store linklərinə klik | G33: Hər biri düzgün tətbiq səhifəsinə yönləndirir | H33: Orta | I33: Pozitiv | J33: Yox | K33: Keçdi | L33: Google Play, App Store, AppGallery href-ləri mövcuddur (yalnız href yoxlandı)
A34: UI-HOM-005 | B34: Ana səhifə | C34: Ana səhifə konsol xətaları | D34: Brauzer açıqdır | E34: 1. Konsolu açıb /az yükləyin | G34: Kritik JS xətası yoxdur | H34: Orta | I34: Neqativ | J34: Yox | K34: Uğursuz | L34: Konsolda xətalar var: CORS (infobank.az), 404, 400, ERR_TOO_MANY_REDIRECTS (BUG-025)
A35: UI-HOM-006 | B35: Ana səhifə | C35: Şəkillərin yüklənməsi | D35: Brauzer açıqdır | E35: 1. Bütün şəkillərin yükləndiyini yoxlayın | G35: Qırıq şəkil yoxdur, alt mətni var | H35: Orta | I35: Neqativ | J35: Yox | K35: Keçdi | L35: 46 şəkil, qırıq şəkil yoxdur, hamısında alt mətn var
A36: UI-CAL-001 | B36: Kredit kalkulyatoru | C36: Kalkulyator ilkin vəziyyət | D36: Brauzer açıqdır | E36: 1. /az kalkulyator bölməsinə gedin | G36: Neytral defolt növ, sahələr boşdur və ya defolt dəyərlidir | H36: Orta | I36: Pozitiv | J36: Bəli | K36: Uğursuz | L36: BUG-007: özəl növ defolt gəlir
A37: UI-CAL-002 | B37: Kredit kalkulyatoru | C37: Düzgün məbləğ və müddət ilə hesablama | D37: Brauzer açıqdır | E37: 1. Növ seçin 2. Məbləğ 8000, müddət 12 3. Nəticəyə baxın | F37: 8000 / 12 | G37: Aylıq və cəmi ödəniş göstərilir, rəqəm formatı düzgündür | H37: Yüksək | I37: Pozitiv | J37: Bəli | K37: Keçdi | L37: Avtomatik test təsdiqləndi
A38: UI-CAL-003 | B38: Kredit kalkulyatoru | C38: Minimum məbləğ sərhədi (500) | D38: Brauzer açıqdır | E38: 1. Məbləğ 500, müddət 12 | F38: 500 | G38: Hesablanır | H38: Yüksək | I38: Sərhəd | J38: Bəli | K38: Keçdi | L38: Avtomatik test təsdiqləndi
A39: UI-CAL-004 | B39: Kredit kalkulyatoru | C39: Minimumdan aşağı məbləğ (499) | D39: Brauzer açıqdır | E39: 1. Məbləğ 499, müddət 3 | F39: 499 | G39: Xəta mesajı, nəticə göstərilmir | H39: Yüksək | I39: Neqativ | J39: Bəli | K39: Uğursuz | L39: BUG-003
A40: UI-CAL-005 | B40: Kredit kalkulyatoru | C40: Sıfır məbləğ | D40: Brauzer açıqdır | E40: 1. Məbləğ 0 | F40: 0 | G40: Xəta mesajı | H40: Yüksək | I40: Neqativ | J40: Bəli | K40: Uğursuz | L40: BUG-003
A41: UI-CAL-006 | B41: Kredit kalkulyatoru | C41: Mənfi məbləğ | D41: Brauzer açıqdır | E41: 1. Məbləğ -500, müddət 12 | F41: -500 | G41: Mənfi dəyər qəbul edilmir | H41: Yüksək | I41: Neqativ | J41: Yox | K41: Uğursuz | L41: BUG-003
A42: UI-CAL-007 | B42: Kredit kalkulyatoru | C42: Maksimum məbləğ həddi | D42: Brauzer açıqdır | E42: 1. Məbləğ 80000, müddət 59 | F42: 80000 / 59 | G42: Hesablanır | H42: Yüksək | I42: Sərhəd | J42: Yox | K42: Keçdi | L42: 80000 / 59 ay: 2092.05 AZN aylıq, 123430.88 AZN cəmi
A43: UI-CAL-008 | B43: Kredit kalkulyatoru | C43: Maksimumdan yuxarı məbləğ (80001) | D43: Brauzer açıqdır | E43: 1. 80001 yazın | F43: 80001 | G43: Xəta mesajı | H43: Yüksək | I43: Neqativ | J43: Bəli | K43: Uğursuz | L43: BUG-001: sonuncu rəqəm atılır
A44: UI-CAL-009 | B44: Kredit kalkulyatoru | C44: Maksimum müddət (59) | D44: Brauzer açıqdır | E44: 1. Müddət 59 | F44: 59 | G44: Hesablanır | H44: Yüksək | I44: Sərhəd | J44: Yox | K44: Keçdi | L44: Müddət 59 ay hesablanır
A45: UI-CAL-010 | B45: Kredit kalkulyatoru | C45: Maksimumdan yuxarı müddət (60) | D45: Brauzer açıqdır | E45: 1. Müddət 60 yazın | F45: 60 | G45: Xəta mesajı | H45: Yüksək | I45: Neqativ | J45: Bəli | K45: Uğursuz | L45: BUG-002
A46: UI-CAL-011 | B46: Kredit kalkulyatoru | C46: Minimumdan aşağı müddət (2) | D46: Brauzer açıqdır | E46: 1. Müddət 2 | F46: 2 | G46: "Kredit müddəti düzgün qeyd olunmayıb" mesajı | H46: Orta | I46: Neqativ | J46: Yox | K46: Keçdi | L46: Müddət 2: "Kredit müddəti düzgün qeyd olunmayıb" göstərilir
A47: UI-CAL-012 | B47: Kredit kalkulyatoru | C47: Müddət 0 və mənfi | D47: Brauzer açıqdır | E47: 1. Müddət 0, sonra -1 | G47: Xəta mesajı | H47: Orta | I47: Neqativ | J47: Yox | K47: Keçdi | L47: Müddət 0 və -1: eyni xəta mesajı göstərilir
A48: UI-CAL-013 | B48: Kredit kalkulyatoru | C48: Hərf və xüsusi simvol daxil etmək | D48: Brauzer açıqdır | E48: 1. Məbləğə abc, !@#, 1e5 yazın | F48: abc, !@#, 1e5 | G48: Rəqəm olmayan simvollar qəbul edilmir | H48: Yüksək | I48: Neqativ | J48: Yox | K48: Keçdi | L48: Hərflər və !@# qəbul edilmir (sahə 0 olur, nəticə 0.00 AZN, JS xətası yoxdur); 1e5 ayrıca yoxlanmayıb
A49: UI-CAL-014 | B49: Kredit kalkulyatoru | C49: Kəsr məbləğ | D49: Brauzer açıqdır | E49: 1. 1000.55, 1000,55 yazın | G49: Aydın qayda, vergül və nöqtə eyni davranır | H49: Aşağı | I49: Sərhəd | J49: Yox | K49: Uğursuz | L49: BUG-006
A50: UI-CAL-015 | B50: Kredit kalkulyatoru | C50: Boş sahələrlə hesablama | D50: Brauzer açıqdır | E50: 1. Məbləği silin | G50: Nəticə boş və ya təklif mesajı; NaN yoxdur | H50: Orta | I50: Neqativ | J50: Yox | K50: Keçdi | L50: Boş məbləğ: nəticə 0.00 AZN, NaN yoxdur; xəbərdarlıq mesajı yoxdur
A51: UI-CAL-016 | B51: Kredit kalkulyatoru | C51: Cəmi ödəniş = aylıq × müddət | D51: Brauzer açıqdır | E51: 1. 500/3, 1000/12, 10000/36 üçün yoxlayın | G51: Cəmi aylıq × ay ilə uyğundur | H51: Aşağı | I51: Neqativ | J51: Bəli | K51: Uğursuz | L51: BUG-005 | Avtomatik: calculator.spec
A52: UI-CAL-017 | B52: Kredit kalkulyatoru | C52: Növ dəyişəndə nəticə yenilənir | D52: Brauzer açıqdır | E52: 1. Hesablayın 2. Kredit növünü dəyişin | G52: Faiz və nəticə yenilənir | H52: Yüksək | I52: Pozitiv | J52: Bəli | K52: Keçdi | L52: Avtomatik: calculator.spec (Kredit növü dəyişəndə seçim yenilənir)
A53: UI-CAL-018 | B53: Kredit kalkulyatoru | C53: Çox böyük ədəd (99999999999999999999) | D53: Brauzer açıqdır | E53: 1. Sahəyə çox uzun rəqəm yapışdırın | G53: Kəsilir və ya xəta, JS xətası yoxdur | H53: Orta | I53: Sərhəd | J53: Yox | K53: Uğursuz | L53: 99999999 sahəyə yazılır, limit (80000) yoxlanmır, slayder 80000-də qalır (sinxron deyil), cəmi 101822141.21 AZN göstərilir (BUG-024)
A54: UI-CAL-019 | B54: Kredit kalkulyatoru | C54: Sahələr arası Tab və Enter | D54: Brauzer açıqdır | E54: 1. Tab ilə gəzin, Enter basın | G54: Hesablama işləyir, fokus məntiqlidir | H54: Aşağı | I54: Pozitiv | J54: Yox | K54: İcra olunmayıb
A55: UI-CAL-020 | B55: Kredit kalkulyatoru | C55: Sürüşdürücü (slider) ilə sahənin sinxronluğu | D55: Brauzer açıqdır | E55: 1. Slider çəkin 2. Sahəyə baxın | G55: Dəyər sinxrondur | H55: Orta | I55: Pozitiv | J55: Yox | K55: İcra olunmayıb
A56: UI-CRD-001 | B56: Kartlar | C56: Debet kartlar səhifəsi yüklənir | D56: - | E56: 1. https://www.bankofbaku.com/az/kartlar/debet açın | G56: 200, başlıq, kart şəkilləri, şərtlər görünür | H56: Yüksək | I56: Pozitiv | J56: Bəli | K56: Keçdi | L56: Avtomatik: UI-CRD-007 ilə eyni yoxlama
A57: UI-CRD-002 | B57: Kartlar | C57: Kredit kartları səhifəsi yüklənir | D57: - | E57: 1. https://www.bankofbaku.com/az/kartlar/kredit-kartlari açın | G57: 200, başlıq, kart şəkilləri, şərtlər görünür | H57: Yüksək | I57: Pozitiv | J57: Yox | K57: Keçdi | L57: 8 debet, 7 kredit kartı göstərilir
A58: UI-CRD-003 | B58: Kartlar | C58: Kart şərtləri cədvəli | D58: Brauzer açıqdır | E58: 1. Kart seçin 2. Şərtlərə baxın | G58: Faiz, illik xidmət haqqı, limit düzgün formatdadır | H58: Orta | I58: Pozitiv | J58: Yox | K58: Keçdi | L58: Kart məlumat blokları göstərilir
A59: UI-CRD-004 | B59: Kartlar | C59: Kartlar arası müqayisə (varsa) | D59: Brauzer açıqdır | E59: 1. Müqayisə funksiyasından istifadə edin | G59: Düzgün məlumat | H59: Aşağı | I59: Pozitiv | J59: Yox | K59: Keçdi | L59: Müqayisə funksiyası saytda yoxdur
A60: UI-CRD-005 | B60: Kartlar | C60: Kart səhifəsindən Müraciət et keçidi | D60: Brauzer açıqdır | E60: 1. Müraciət et düyməsinə klik edin | G60: Xarici müraciət səhifəsi açılır, forma göndərilmir | H60: Orta | I60: Pozitiv | J60: Yox | K60: Keçdi | L60: Düymələr yoxlandı, basılmadı (xarici forma)
A61: UI-CRD-006 | B61: Kartlar | C61: Kart səhifələrində boş/qırıq şəkil | D61: Brauzer açıqdır | E61: 1. Şəkilləri yoxlayın | G61: Qırıq şəkil yoxdur | H61: Aşağı | I61: Neqativ | J61: Yox | K61: Keçdi | L61: 48 səhifədə sınıq şəkil yoxdur
A62: UI-LON-001 | B62: Kreditlər | C62: Nağd pul krediti səhifəsi yüklənir | D62: - | E62: 1. https://www.bankofbaku.com/az/kreditler/nagd-pul-krediti açın | G62: 200, məzmun və şərtlər görünür | H62: Yüksək | I62: Pozitiv | J62: Bəli | K62: Keçdi | L62: Avtomatik: UI-LON-008
A63: UI-LON-002 | B63: Kreditlər | C63: Kredit kartları (kreditlər) səhifəsi yüklənir | D63: - | E63: 1. https://www.bankofbaku.com/az/kreditler/kredit-kartlari açın | G63: 200, məzmun və şərtlər görünür | H63: Yüksək | I63: Pozitiv | J63: Yox | K63: Keçdi | L63: /az/kreditler/kredit-kartlari açılır
A64: UI-LON-003 | B64: Kreditlər | C64: İpoteka krediti səhifəsi yüklənir | D64: - | E64: 1. https://www.bankofbaku.com/az/kreditler/ipoteka-krediti açın | G64: 200, məzmun və şərtlər görünür | H64: Yüksək | I64: Pozitiv | J64: Yox | K64: Keçdi | L64: Avtomatik: UI-LON-011
A65: UI-LON-004 | B65: Kreditlər | C65: Kredit kampaniyaları səhifəsi yüklənir | D65: - | E65: 1. https://www.bankofbaku.com/az/kreditler/kampaniyalar açın | G65: 200, məzmun və şərtlər görünür | H65: Yüksək | I65: Pozitiv | J65: Yox | K65: Keçdi | L65: /az/kreditler/kampaniyalar açılır
A66: UI-LON-005 | B66: Kreditlər | C66: Kredit səhifəsində faiz və şərtlərin kalkulyatorla uyğunluğu | D66: Brauzer açıqdır | E66: 1. Səhifədəki faizi kalkulyatordakı ilə müqayisə edin | G66: Eyni faiz göstərilir | H66: Yüksək | I66: Neqativ | J66: Yox | K66: Keçdi | L66: Səhifədə faiz 9.9%–37.9%; kalkulyator nəticəsi bu aralığa uyğundur
A67: UI-LON-006 | B67: Kreditlər | C67: Şərt mətnində min/max məbləğ və müddət | D67: Brauzer açıqdır | E67: 1. Məbləğ və müddət hədlərini oxuyun | G67: Kalkulyator hədləri ilə uyğundur (500–80000, 3–59) | H67: Yüksək | I67: Neqativ | J67: Yox | K67: Keçdi | L67: Səhifədə maks. 80 000 AZN və 3–59 ay, kalkulyator hədləri ilə uyğundur
A68: UI-LON-007 | B68: Kreditlər | C68: İpoteka bölməsində hesablama alətləri | D68: Brauzer açıqdır | E68: 1. Hesablama sahələrini yoxlayın | G68: Düzgün nəticə, validasiya | H68: Orta | I68: Pozitiv | J68: Yox | K68: Bloklanıb | L68: İpoteka səhifəsində hesablama aləti yoxdur (yalnız məhsul kartları)
A69: UI-DEP-001 | B69: Əmanətlər | C69: Əmanətlər səhifəsi yüklənir | D69: - | E69: 1. https://www.bankofbaku.com/az/emanetler açın | G69: 200, faiz və şərtlər görünür | H69: Yüksək | I69: Pozitiv | J69: Yox | K69: Keçdi
A70: UI-DEP-002 | B70: Əmanətlər | C70: Digital Depozit səhifəsi yüklənir | D70: - | E70: 1. https://www.bankofbaku.com/az/emanetler/digital-depozit açın | G70: 200, faiz və şərtlər görünür | H70: Yüksək | I70: Pozitiv | J70: Yox | K70: Keçdi
A71: UI-DEP-003 | B71: Əmanətlər | C71: Dinamik əmanət səhifəsi yüklənir | D71: - | E71: 1. https://www.bankofbaku.com/az/emanetler/dinamik-emanet açın | G71: 200, faiz və şərtlər görünür | H71: Yüksək | I71: Pozitiv | J71: Yox | K71: Keçdi
A72: UI-DEP-004 | B72: Əmanətlər | C72: Bank seyfləri səhifəsi yüklənir | D72: - | E72: 1. https://www.bankofbaku.com/az/emanetler/bank-seyfleri açın | G72: 200, faiz və şərtlər görünür | H72: Yüksək | I72: Pozitiv | J72: Yox | K72: Keçdi
A73: UI-DEP-005 | B73: Əmanətlər | C73: Əmanət faizinin düzgün göstərilməsi | D73: Brauzer açıqdır | E73: 1. Faizlərə baxın | G73: Rəqəmlər məntiqlidir, % simvolu mövcuddur | H73: Orta | I73: Neqativ | J73: Yox | K73: Keçdi | L73: Hesablama faiz cədvəli ilə uyğundur (10000 AZN/12 ay = 950.00)
A74: UI-DEP-006 | B74: Əmanətlər | C74: Əmanət kalkulyatoru (varsa) validasiyası | D74: Brauzer açıqdır | E74: 1. 0, mənfi və çox böyük məbləğ yazın | G74: Xəta mesajı | H74: Orta | I74: Neqativ | J74: Yox | K74: Uğursuz | L74: BUG-018, BUG-019
A75: UI-TRF-001 | B75: Pul köçürmələri | C75: Pul köçürmələri səhifəsi | D75: - | E75: 1. /az/pul-kocurmeleri açın | G75: 200, bölmə məzmunu | H75: Orta | I75: Pozitiv | J75: Yox | K75: Keçdi
A76: UI-TRF-002 | B76: Pul köçürmələri | C76: Western Union səhifəsi | D76: - | E76: 1. /az/pul-kocurmeleri/western-union açın | G76: 200, şərtlər və komissiya məlumatı | H76: Orta | I76: Pozitiv | J76: Yox | K76: Keçdi
A77: UI-TRF-003 | B77: Pul köçürmələri | C77: UPT TÖS keçidi | D77: Brauzer açıqdır | E77: 1. Keçidə klik edin | G77: Keçid işləyir; hazırda linki yoxdur (müşahidə) | H77: Aşağı | I77: Neqativ | J77: Yox | K77: Keçdi | L77: Səhifə inventarında link yoxdur
A78: UI-ONL-001 | B78: Onlayn xidmətlər | C78: Dostbank mobil bankçılıq səhifəsi | D78: - | E78: 1. https://www.bankofbaku.com/az/onlayn-xidmetler/dostbank-mobil-bankciliq açın | G78: 200, məzmun görünür | H78: Orta | I78: Pozitiv | J78: Yox | K78: Keçdi
A79: UI-ONL-002 | B79: Onlayn xidmətlər | C79: İnternet bankçılıq məlumat səhifəsi səhifəsi | D79: - | E79: 1. https://www.bankofbaku.com/az/onlayn-xidmetler/internet-bankciliq açın | G79: 200, məzmun görünür | H79: Orta | I79: Pozitiv | J79: Yox | K79: Keçdi
A80: UI-ONL-003 | B80: Onlayn xidmətlər | C80: Onlayn xidmətlər səhifəsi | D80: - | E80: 1. https://www.bankofbaku.com/az/onlayn-xidmetler açın | G80: 200, məzmun görünür | H80: Orta | I80: Pozitiv | J80: Yox | K80: Keçdi
A81: UI-ONL-004 | B81: Onlayn xidmətlər | C81: İnternet bankçılıq düyməsi xarici sayta aparır | D81: Brauzer açıqdır | E81: 1. Düyməyə klik edin | G81: e-bankofbaku.com açılır. Giriş etməyin | H81: Orta | I81: Pozitiv | J81: Yox | K81: Keçdi | L81: Link e-bankofbaku.com-a aparır, basılmadı
A82: UI-SRV-001 | B82: Digər xidmətlər | C82: Tariflər səhifəsi yüklənir | D82: - | E82: 1. https://www.bankofbaku.com/az/diger-xidmetler/hesablasma-emeliyyatlari/tarifler açın | G82: 200, başlıq və məzmun düzgündür | H82: Orta | I82: Pozitiv | J82: Yox | K82: Keçdi
A83: UI-SRV-002 | B83: Digər xidmətlər | C83: Xidmət şərtləri səhifəsi yüklənir | D83: - | E83: 1. https://www.bankofbaku.com/az/diger-xidmetler/hesablasma-emeliyyatlari/xidmet-sertleri açın | G83: 200, başlıq və məzmun düzgündür | H83: Orta | I83: Pozitiv | J83: Yox | K83: Keçdi
A84: UI-SRV-003 | B84: Digər xidmətlər | C84: Zəmanətlər səhifəsi yüklənir | D84: - | E84: 1. https://www.bankofbaku.com/az/diger-xidmetler/senedli-emeliyyatlar/zemanetler açın | G84: 200, başlıq və məzmun düzgündür | H84: Orta | I84: Pozitiv | J84: Yox | K84: Keçdi
A85: UI-SRV-004 | B85: Digər xidmətlər | C85: Cash by code səhifəsi yüklənir | D85: - | E85: 1. https://www.bankofbaku.com/az/diger-xidmetler/kart-emeliyyatlari/cash-by-code açın | G85: 200, başlıq və məzmun düzgündür | H85: Orta | I85: Pozitiv | J85: Yox | K85: Keçdi
A86: UI-SRV-005 | B86: Digər xidmətlər | C86: FAQ səhifəsi yüklənir | D86: - | E86: 1. https://www.bankofbaku.com/az/diger-xidmetler/kart-emeliyyatlari/faq açın | G86: 200, başlıq və məzmun düzgündür | H86: Orta | I86: Pozitiv | J86: Bəli | K86: Keçdi | L86: /top10-a yönləndirilir
A87: UI-SRV-006 | B87: Digər xidmətlər | C87: 3D Secure səhifəsi yüklənir | D87: - | E87: 1. https://www.bankofbaku.com/az/diger-xidmetler/kart-emeliyyatlari/3d-secure açın | G87: 200, başlıq və məzmun düzgündür | H87: Orta | I87: Pozitiv | J87: Yox | K87: Keçdi
A88: UI-SRV-007 | B88: Digər xidmətlər | C88: Loyallıq klubu səhifəsi yüklənir | D88: - | E88: 1. https://www.bankofbaku.com/az/diger-xidmetler/diger/loyalliq-klubu açın | G88: 200, başlıq və məzmun düzgündür | H88: Orta | I88: Pozitiv | J88: Yox | K88: Keçdi
A89: UI-SRV-008 | B89: Digər xidmətlər | C89: Apple Pay səhifəsi yüklənir | D89: - | E89: 1. https://www.bankofbaku.com/az/diger-xidmetler/odenis-sistemleri/applepay açın | G89: 200, başlıq və məzmun düzgündür | H89: Orta | I89: Pozitiv | J89: Yox | K89: Keçdi
A90: UI-SRV-009 | B90: Digər xidmətlər | C90: Google Pay səhifəsi yüklənir | D90: - | E90: 1. https://www.bankofbaku.com/az/diger-xidmetler/odenis-sistemleri/googlepay açın | G90: 200, başlıq və məzmun düzgündür | H90: Orta | I90: Pozitiv | J90: Yox | K90: Keçdi
A91: UI-SRV-010 | B91: Digər xidmətlər | C91: Tariflər cədvəlində rəqəm formatı və valyuta | D91: Brauzer açıqdır | E91: 1. Cədvəli yoxlayın | G91: Vahidlər (AZN, %) göstərilib, boş xanalar yoxdur | H91: Orta | I91: Neqativ | J91: Yox | K91: Bloklanıb | L91: Tariflər səhifəsində cədvəl yoxdur, yalnız "Fiziki/Hüquqi şəxs üzrə tariflər" bölmələri var
A92: UI-SRV-011 | B92: Digər xidmətlər | C92: FAQ akkordeonu aç/bağla | D92: Brauzer açıqdır | E92: 1. Sualı açın və bağlayın | G92: Cavab görünür/gizlənir, bir neçə sual eyni anda | H92: Orta | I92: Pozitiv | J92: Bəli | K92: Keçdi | L92: Avtomatik testlər UI-SRV-023…025 təsdiqləndi
A93: UI-SRV-012 | B93: Digər xidmətlər | C93: Yükləmə üçün PDF sənədlər | D93: Brauzer açıqdır | E93: 1. PDF linklərinə klik edin | G93: Fayl açılır və ya yüklənir, 404 yoxdur. Yükləməzdən əvvəl razılıq alınır | H93: Orta | I93: Neqativ | J93: Yox | K93: Keçdi | L93: 4 PDF 200 və application/pdf qaytarır
A94: UI-CMP-001 | B94: Kampaniyalar | C94: Kampaniyalar siyahısı | D94: - | E94: 1. /az/kampaniyalar açın | G94: Aktiv kampaniyalar kartlarla görünür | H94: Orta | I94: Pozitiv | J94: Yox | K94: Keçdi
A95: UI-CMP-002 | B95: Kampaniyalar | C95: Vaxtı bitmiş kampaniyalar göstərilmir | D95: Brauzer açıqdır | E95: 1. Tarixlərə baxın | G95: Bitmiş kampaniya aktiv kimi görünmür | H95: Orta | I95: Neqativ | J95: Yox | K95: Uğursuz | L95: Vaxtı bitmiş müsabiqə (17–27 iyul 2026) hələ də siyahıdadır (Müşahidə)
A96: UI-CMP-003 | B96: Kampaniyalar | C96: Kampaniya detal səhifəsi | D96: Brauzer açıqdır | E96: 1. Kampaniyaya klik edin | G96: Detal səhifəsi açılır | H96: Orta | I96: Pozitiv | J96: Yox | K96: Keçdi | L96: Kampaniya detal səhifəsi açılır, başlıq və tarix göstərilir
A97: UI-BIZ-001 | B97: Biznes | C97: Biznes səhifəsi | D97: - | E97: 1. /az/biznes açın | G97: 200, biznes məhsulları | H97: Orta | I97: Pozitiv | J97: Yox | K97: Keçdi
A98: UI-BIZ-002 | B98: Biznes | C98: Biznes kreditləri bölməsi | D98: Brauzer açıqdır | E98: 1. Bölməyə baxın | G98: Məlumat və keçidlər düzgündür | H98: Orta | I98: Pozitiv | J98: Yox | K98: Keçdi | L98: /az/biznes: biznes kreditləri bannerləri və Müraciət et düymələri var; başlıq ana səhifə başlığıdır (Müşahidə-a baxın)
A99: UI-ABT-001 | B99: Bank haqqında | C99: Bank haqqında səhifəsi | D99: - | E99: 1. /az/bank-haqqinda açın | G99: 200, məzmun, rekvizitlər | H99: Orta | I99: Pozitiv | J99: Yox | K99: Keçdi
A100: UI-ABT-002 | B100: Bank haqqında | C100: Rəhbərlik, hesabatlar və sənədlər bölmələri | D100: Brauzer açıqdır | E100: 1. Bölmələri açın | G100: Məzmun və yükləmə linkləri işləyir | H100: Aşağı | I100: Pozitiv | J100: Yox | K100: Keçdi | L100: BUG-030: bəzi ünvanlar yönləndirilir
A101: UI-ABT-003 | B101: Bank haqqında | C101: İnsan resursları xarici linki | D101: Brauzer açıqdır | E101: 1. İnsan resursları linkinə klik edin | G101: careers.bankofbaku.com/az/ açılır | H101: Aşağı | I101: Pozitiv | J101: Yox | K101: Keçdi | L101: careers.bankofbaku.com linki var
A102: UI-BRN-001 | B102: Filiallar və ATM | C102: Filial və ATM bölməsi yüklənir | D102: - | E102: 1. Ana səhifədə Filiallar və ATM bölməsinə gedin | G102: Xəritə/siyahı görünür | H102: Yüksək | I102: Pozitiv | J102: Bəli | K102: Keçdi | L102: Real Chrome-da xəritə yüklənir (daxili brauzerdə artefakt idi)
A103: UI-BRN-002 | B103: Filiallar və ATM | C103: Filial axtarışı: mövcud ad | D103: Brauzer açıqdır | E103: 1. Axtarışa mövcud filial adı yazın | F103: Mövcud filial | G103: Nəticə siyahıda görünür | H103: Yüksək | I103: Pozitiv | J103: Yox | K103: Bloklanıb | L103: Filiallar səhifəsində ad üzrə axtarış sahəsi yoxdur (yalnız xəritə və tablar)
A104: UI-BRN-003 | B104: Filiallar və ATM | C104: Filial axtarışı: olmayan ad | D104: Brauzer açıqdır | E104: 1. Axtarışa xyz123 yazın | F104: xyz123 | G104: "Tapılmadı" mesajı, JS xətası yoxdur | H104: Yüksək | I104: Neqativ | J104: Yox | K104: Bloklanıb | L104: Filial axtarışı yoxdur
A105: UI-BRN-004 | B105: Filiallar və ATM | C105: Axtarışda xüsusi simvollar və SQL/XSS sətri | D105: Brauzer açıqdır | E105: 1. <script>alert(1)</script> yazın | G105: Mətn kimi göstərilir, icra olunmur | H105: Yüksək | I105: Neqativ | J105: Yox | K105: Bloklanıb | L105: Filial axtarışı yoxdur, xüsusi simvol yoxlanıla bilmədi
A106: UI-BRN-005 | B106: Filiallar və ATM | C106: Filial/ATM filtri | D106: Brauzer açıqdır | E106: 1. Filial, ATM filtrini dəyişin | G106: Siyahı filtrə uyğun yenilənir | H106: Orta | I106: Pozitiv | J106: Yox | K106: Keçdi | L106: Filiallar/Bankomatlar tabı keçidi: URL və markerlər dəyişir
A107: UI-BRN-006 | B107: Filiallar və ATM | C107: İş saatları və ünvan məlumatı | D107: Brauzer açıqdır | E107: 1. Filial kartına baxın | G107: Ünvan, telefon, iş saatları dolu və formatlıdır | H107: Orta | I107: Pozitiv | J107: Yox | K107: Keçdi | L107: Marker pəncərəsində ünvan, iş saatları və xidmətlər var; telefon göstərilmir
A108: UI-BRN-007 | B108: Filiallar və ATM | C108: Xəritədə marker klik və zoom | D108: Brauzer açıqdır | E108: 1. Markerə klik edin, zoom edin | G108: Məlumat pəncərəsi açılır | H108: Orta | I108: Pozitiv | J108: Yox | K108: Keçdi | L108: Markerə klik məlumat pəncərəsini açır
A109: UI-FX-001 | B109: Valyuta məzənnəsi | C109: Valyuta cədvəli yüklənir | D109: Brauzer açıqdır | E109: 1. Məzənnə cədvəlinə baxın | G109: USD, EUR, GBP, RUB sətirləri və Nağd/Nağdsız sütunları | H109: Yüksək | I109: Pozitiv | J109: Bəli | K109: Keçdi | L109: Avtomatik test təsdiqləndi
A110: UI-FX-002 | B110: Valyuta məzənnəsi | C110: Alış məzənnəsi satış məzənnəsindən kiçikdir | D110: Brauzer açıqdır | E110: 1. Hər valyuta üçün müqayisə edin | G110: Alış < Satış | H110: Yüksək | I110: Neqativ | J110: Bəli | K110: Keçdi | L110: Avtomatik test təsdiqləndi
A111: UI-FX-003 | B111: Valyuta məzənnəsi | C111: Məzənnə fərqi (spread) məntiqi | D111: Brauzer açıqdır | E111: 1. GBP və RUB spredinə baxın | G111: Spred məntiqli həddədir | H111: Aşağı | I111: Neqativ | J111: Bəli | K111: Uğursuz | L111: Müşahidə: GBP 2.0000/2.2800, RUB 1.2000/2.0100 | Avtomatik: exchange.spec
A112: UI-FX-004 | B112: Valyuta məzənnəsi | C112: Rəqəm formatı (4 onluq) | D112: Brauzer açıqdır | E112: 1. Dəyərlərə baxın | G112: Hamısı eyni formatda | H112: Aşağı | I112: Pozitiv | J112: Yox | K112: Keçdi | L112: Bütün dəyərlər 4 onluq formatındadır
...

Sheet Avtomatlaşdırma planı
A1: ID | B1: Modul | C1: Başlıq | D1: Prioritet | E1: Üsul | F1: Qeyd
A2: UI-LNG-002 | B2: Dil | C2: Birbaşa /az linki Azərbaycan dilində açılır | D2: Yüksək | E2: Selenium (UI) | F2: Seçim səbəbi: təkrarlanan, sabit lokatorlu və yüksək risklidir
A3: UI-NAV-001 | B3: Naviqasiya və menyu | C3: Əsas menyu elementləri görünür | D3: Yüksək | E3: Selenium (UI) | F3: Seçim səbəbi: təkrarlanan, sabit lokatorlu və yüksək risklidir
A4: UI-NAV-002 | B4: Naviqasiya və menyu | C4: Menyudan keçid: Kartlar | D4: Yüksək | E4: Selenium (UI) | F4: Seçim səbəbi: təkrarlanan, sabit lokatorlu və yüksək risklidir
A5: UI-NAV-010 | B5: Naviqasiya və menyu | C5: Logo ilə ana səhifəyə qayıtmaq | D5: Yüksək | E5: Selenium (UI) | F5: Seçim səbəbi: təkrarlanan, sabit lokatorlu və yüksək risklidir
A6: UI-NAV-015 | B6: Naviqasiya və menyu | C6: Menyuda qırıq (404) keçid axtarışı | D6: Yüksək | E6: HTTP / API yoxlaması | F6: Seçim səbəbi: təkrarlanan, sabit lokatorlu və yüksək risklidir
A7: UI-HOM-001 | B7: Ana səhifə | C7: Ana səhifə bölmələri yüklənir | D7: Yüksək | E7: Selenium (UI) | F7: Seçim səbəbi: təkrarlanan, sabit lokatorlu və yüksək risklidir
A8: UI-CAL-001 | B8: Kredit kalkulyatoru | C8: Kalkulyator ilkin vəziyyət | D8: Orta | E8: Selenium (UI) | F8: Seçim səbəbi: təkrarlanan, sabit lokatorlu və yüksək risklidir
A9: UI-CAL-002 | B9: Kredit kalkulyatoru | C9: Düzgün məbləğ və müddət ilə hesablama | D9: Yüksək | E9: Selenium (UI) | F9: Seçim səbəbi: təkrarlanan, sabit lokatorlu və yüksək risklidir
A10: UI-CAL-003 | B10: Kredit kalkulyatoru | C10: Minimum məbləğ sərhədi (500) | D10: Yüksək | E10: Selenium (UI) | F10: Seçim səbəbi: təkrarlanan, sabit lokatorlu və yüksək risklidir
A11: UI-CAL-004 | B11: Kredit kalkulyatoru | C11: Minimumdan aşağı məbləğ (499) | D11: Yüksək | E11: Selenium (UI) | F11: Seçim səbəbi: təkrarlanan, sabit lokatorlu və yüksək risklidir
A12: UI-CAL-005 | B12: Kredit kalkulyatoru | C12: Sıfır məbləğ | D12: Yüksək | E12: Selenium (UI) | F12: Seçim səbəbi: təkrarlanan, sabit lokatorlu və yüksək risklidir
... A105: UI-NAV-016 | B105: Naviqasiya və menyu | C105: Ana səhifədəki daxili linklər dil prefiksi (/az) daşımalıdır | D105: Orta | E105: Selenium (UI) | F105: Spec ID-si ilə uyğunlaşdırılıb; təkrarlanan, sabit lokatorlu və yüksək risklidir

Sheet İzlənmə matrisi
A1: Modul | B1: Cəmi | C1: Avtomatlaşdırılan | D1: Uğursuz | E1: Yüksək prioritet
A2: Dil | B2: =COUNTIF('Test Case-lər'!B:B,A2) | C2: =COUNTIFS('Test Case-lər'!B:B,A2,'Test Case-lər'!J:J,"Bəli") | D2: =COUNTIFS('Test Case-lər'!B:B,A2,'Test Case-lər'!K:K,"Uğursuz") | E2: =COUNTIFS('Test Case-lər'!B:B,A2,'Test Case-lər'!H:H,"Yüksək")
A3: Naviqasiya və menyu | B3: =COUNTIF('Test Case-lər'!B:B,A3) | C3: =COUNTIFS('Test Case-lər'!B:B,A3,'Test Case-lər'!J:J,"Bəli") | D3: =COUNTIFS('Test Case-lər'!B:B,A3,'Test Case-lər'!K:K,"Uğursuz") | E3: =COUNTIFS('Test Case-lər'!B:B,A3,'Test Case-lər'!H:H,"Yüksək")
A4: Ana səhifə | B4: =COUNTIF('Test Case-lər'!B:B,A4) | C4: =COUNTIFS('Test Case-lər'!B:B,A4,'Test Case-lər'!J:J,"Bəli") | D4: =COUNTIFS('Test Case-lər'!B:B,A4,'Test Case-lər'!K:K,"Uğursuz") | E4: =COUNTIFS('Test Case-lər'!B:B,A4,'Test Case-lər'!H:H,"Yüksək")
A5: Kredit kalkulyatoru | B5: =COUNTIF('Test Case-lər'!B:B,A5) | C5: =COUNTIFS('Test Case-lər'!B:B,A5,'Test Case-lər'!J:J,"Bəli") | D5: =COUNTIFS('Test Case-lər'!B:B,A5,'Test Case-lər'!K:K,"Uğursuz") | E5: =COUNTIFS('Test Case-lər'!B:B,A5,'Test Case-lər'!H:H,"Yüksək")
A6: Kartlar | B6: =COUNTIF('Test Case-lər'!B:B,A6) | C6: =COUNTIFS('Test Case-lər'!B:B,A6,'Test Case-lər'!J:J,"Bəli") | D6: =COUNTIFS('Test Case-lər'!B:B,A6,'Test Case-lər'!K:K,"Uğursuz") | E6: =COUNTIFS('Test Case-lər'!B:B,A6,'Test Case-lər'!H:H,"Yüksək")
A7: Kreditlər | B7: =COUNTIF('Test Case-lər'!B:B,A7) | C7: =COUNTIFS('Test Case-lər'!B:B,A7,'Test Case-lər'!J:J,"Bəli") | D7: =COUNTIFS('Test Case-lər'!B:B,A7,'Test Case-lər'!K:K,"Uğursuz") | E7: =COUNTIFS('Test Case-lər'!B:B,A7,'Test Case-lər'!H:H,"Yüksək")
A8: Əmanətlər | B8: =COUNTIF('Test Case-lər'!B:B,A8) | C8: =COUNTIFS('Test Case-lər'!B:B,A8,'Test Case-lər'!J:J,"Bəli") | D8: =COUNTIFS('Test Case-lər'!B:B,A8,'Test Case-lər'!K:K,"Uğursuz") | E8: =COUNTIFS('Test Case-lər'!B:B,A8,'Test Case-lər'!H:H,"Yüksək")
A9: Pul köçürmələri | B9: =COUNTIF('Test Case-lər'!B:B,A9) | C9: =COUNTIFS('Test Case-lər'!B:B,A9,'Test Case-lər'!J:J,"Bəli") | D9: =COUNTIFS('Test Case-lər'!B:B,A9,'Test Case-lər'!K:K,"Uğursuz") | E9: =COUNTIFS('Test Case-lər'!B:B,A9,'Test Case-lər'!H:H,"Yüksək")
A10: Onlayn xidmətlər | B10: =COUNTIF('Test Case-lər'!B:B,A10) | C10: =COUNTIFS('Test Case-lər'!B:B,A10,'Test Case-lər'!J:J,"Bəli") | D10: =COUNTIFS('Test Case-lər'!B:B,A10,'Test Case-lər'!K:K,"Uğursuz") | E10: =COUNTIFS('Test Case-lər'!B:B,A10,'Test Case-lər'!H:H,"Yüksək")
A11: Digər xidmətlər | B11: =COUNTIF('Test Case-lər'!B:B,A11) | C11: =COUNTIFS('Test Case-lər'!B:B,A11,'Test Case-lər'!J:J,"Bəli") | D11: =COUNTIFS('Test Case-lər'!B:B,A11,'Test Case-lər'!K:K,"Uğursuz") | E11: =COUNTIFS('Test Case-lər'!B:B,A11,'Test Case-lər'!H:H,"Yüksək")
A12: Kampaniyalar | B12: =COUNTIF('Test Case-lər'!B:B,A12) | C12: =COUNTIFS('Test Case-lər'!B:B,A12,'Test Case-lər'!J:J,"Bəli") | D12: =COUNTIFS('Test Case-lər'!B:B,A12,'Test Case-lər'!K:K,"Uğursuz") | E12: =COUNTIFS('Test Case-lər'!B:B,A12,'Test Case-lər'!H:H,"Yüksək")
A13: Biznes | B13: =COUNTIF('Test Case-lər'!B:B,A13) | C13: =COUNTIFS('Test Case-lər'!B:B,A13,'Test Case-lər'!J:J,"Bəli") | D13: =COUNTIFS('Test Case-lər'!B:B,A13,'Test Case-lər'!K:K,"Uğursuz") | E13: =COUNTIFS('Test Case-lər'!B:B,A13,'Test Case-lər'!H:H,"Yüksək")
... A25: Çat və əlavə widget-lər | B25: =COUNTIF('Test Case-lər'!B:B,A25) | C25: =COUNTIFS('Test Case-lər'!B:B,A25,'Test Case-lər'!J:J,"Bəli") | D25: =COUNTIFS('Test Case-lər'!B:B,A25,'Test Case-lər'!K:K,"Uğursuz") | E25: =COUNTIFS('Test Case-lər'!B:B,A25,'Test Case-lər'!H:H,"Yüksək")
A26: Cəmi | B26: =SUM(B2:B25) | C26: =SUM(C2:C25) | D26: =SUM(D2:D25) | E26: =SUM(E2:E25)

Sheet Müşahidələr və Risklər
A1: № | B1: Tip | C1: Təsvir | D1: Təsir | E1: Tövsiyə
A2: 1 | B2: Risk | C2: Sayt kök URL-də həmişə İngilis dilində açılır | D2: Azərbaycanlı istifadəçi üçün çaşqınlıq; testlərdə yanlış dil | E2: Avtomatlaşdırmada həmişə /az ilə başlamaq, dil qaydasını biznesdən dəqiqləşdirmək
A3: 2 | B3: Risk | C3: Angular SPA: dinamik yüklənmə | D3: Sabit olmayan lokatorlar, flaky testlər | E3: Explicit wait, data-* atributları və ya sabit CSS lokatorları
A4: 3 | B4: Risk | C4: Çat və əlavə widget-lər elementləri örtə bilər | D4: Klik xətaları | E4: Testdə widget-i bağlamaq və ya JS click
A5: 4 | B5: Məhdudiyyət | C5: Giriş (e-bankofbaku.com) və formaların göndərilməsi test edilmir | D5: Bu hissələr əhatədən kənardır | E5: Yalnız validasiya və keçid yoxlanır
A6: 5 | B6: Müşahidə | C6: Kalkulyatorda 7 bug (BUG-001…007) | D6: Yanlış hesablama riski | E6: Ayrıca "Bug siyahısı" faylına baxın
A7: 6 | B7: Müşahidə | C7: Valyuta cədvəlində GBP və RUB spredi geniş | D7: Bug yox, yoxlanmalıdır | E7: Biznes ilə dəqiqləşdirmək
A8: 7 | B8: Qeyd | C8: Statuslar: 278 case-dən 155-i əl ilə yoxlanıldı (5 Bloklanıb); 14 case (hücum xarakterli, performans, kontrast və s.) icra olunmayıb | D8: - | E8: İcradan sonra yenilənir
A9: 8 | B9: Müşahidə | C9: Nağd GBP və RUB məzənnə fərqi (spred) geniş: GBP 2.0000/2.2800, RUB 1.2000/2.0100 | D9: Bug yox, bank qərarı ola bilər | E9: Biznes ilə dəqiqləşdirmək
A10: 9 | B10: Müşahidə | C10: Konvertor xarici valyutadan AZN-ə çevirmədə Satış məzənnəsini istifadə edir (100 USD → 170.00 AZN) | D10: Maliyyə məlumatıdır | E10: Biznesdən təsdiq almaq
A11: 10 | B11: Müşahidə | C11: Kart və kredit detal ünvanları ardıcıl deyil (rəqəm və slug qarışıqdır, /kartlar və /kreditler) | D11: Funksional problem yoxdur; SEO və saxlanılabilirlik | E11: Ünvan qaydasını standartlaşdırmaq
A12: 11 | B12: Risk | C12: İlk açılışda izləmə kukiləri razılıq soruşulmadan qurulur (_ga, _fbp, _ym_uid və s.) | D12: Qanunvericiliyə uyğunluq riski | E12: Hüquq şöbəsi qiymətləndirməlidir
A13: 12 | B13: Risk | C13: CSP başlığı məhduddur, Permissions-Policy yoxdur | D13: Təhlükəsizlik möhkəmləndirməsi | E13: Təhlükəsizlik komandasına ötürmək
... A18: 17 | B18: Müşahidə | C18: Daxili səhifələrdə canonical linki həmişə /az ana səhifəsinə işarə edir | D18: SEO | E18: Canonical-ı səhifənin öz ünvanına yönəltmək
